{"cameraMode":{"drawMode":0,"name":"Shaded","section":"Shading Mode"},"sceneLighting":false,"audioPlay":false,"sceneViewState":{"showFog":true,"showMaterialUpdate":false,"showSkybox":false,"showFlares":true,"showImageEffects":true,"showParticleSystems":true},"in2DMode":false,"pivot":{"x":-0.06190474331378937,"y":0.03511030226945877,"z":-0.05974339693784714},"rotation":{"x":0.14348340034484864,"y":-0.6813449859619141,"z":0.13882501423358918,"w":0.704208493232727},"size":0.523398756980896,"orthographic":false}