{"cameraMode":{"drawMode":0,"name":"Shaded","section":"Shading Mode"},"sceneLighting":true,"audioPlay":false,"sceneViewState":{"showFog":true,"showMaterialUpdate":true,"showSkybox":true,"showFlares":true,"showImageEffects":true,"showParticleSystems":true},"in2DMode":false,"pivot":{"x":14.035648345947266,"y":0.20197296142578126,"z":37.4820556640625},"rotation":{"x":0.22295136749744416,"y":-0.42348092794418337,"z":0.10835827887058258,"w":0.8713313341140747},"size":318.9454650878906,"orthographic":false}